Amount,FraudProbability,RiskScore,RiskBand,PredictedClass,ActualClass,Explanation,V1,V2,V3,V4,V5,V6,V7,V8,V9,V10,V11,V12,V13,V14,V15,V16,V17,V18,V19,V20,V21,V22,V23,V24,V25,V26,V27,V28
0.76,0.8177508254094066,82,High,1,0,"Flagged due to Elevated fraud risk score, Very small transaction amount, Strong anomaly in V10, Strong anomaly in V17, Strong anomaly in parameter V17.2",-1.2721170378153,1.82761538129723,-3.81060977838022,0.583759429066067,-0.641241659911406,-1.38904348579078,-1.95405395436729,1.17391997369635,-2.05319134425828,-3.34506130667145,2.37640423683332,-2.53805206931871,-0.0904541466730078,-2.42616754529086,-1.61864781114481,-3.51594398365266,-6.19900773693385,-2.41060577215255,0.760435151630973,-0.0272684521661314,0.858998001255691,0.858774883586953,0.0830791493463243,0.741676007542821,-0.173233871025323,0.534870071750152,0.183562195629891,0.0203162223012201
0.01,0.999712730431316,100,High,1,1,"Flagged due to Very high fraud risk score, Very small transaction amount, Strong anomaly in V14, Strong anomaly in V10, Strong anomaly in V12, Strong anomaly in V17, Strong anomaly in parameter V17.2",-1.27124419171437,2.46267526851135,-2.85139500331783,2.3244800653478,-1.37224488981369,-0.948195686538643,-3.06523436172054,1.16692694787211,-2.26877058844813,-4.88114292689057,2.25514748870463,-4.68638689759229,0.652374668512965,-6.17428834800643,0.594379608016446,-4.84969238709652,-6.53652073527011,-3.11909388163881,1.71549441975915,0.560478075726644,0.652941051330455,0.0819309763507574,-0.221347831198339,-0.523582159233306,0.224228161862968,0.756334522703558,0.632800477330469,0.250187092757197
1.0,0.9895295247065373,99,High,1,1,"Flagged due to Very high fraud risk score, Strong anomaly in V14, Strong anomaly in V10, Strong anomaly in V12, Strong anomaly in V4, Strong anomaly in V17, Strong anomaly in parameter V17.2",-13.1926709562391,12.785970638298,-9.90665002092758,3.32033688288942,-4.80117593230105,5.76005855618556,-18.7508891580107,-37.3534426378925,-0.391539743919107,-5.05250236713858,4.40680552357904,-4.61075647740608,-1.90948796970811,-9.07271093398351,-0.226074450896345,-6.21155748212485,-6.24814535335983,-3.14924669470095,0.0515761185277783,-3.49304991519446,27.2028391573154,-8.88701714094871,5.30360690376998,-0.639434802306313,0.263203123457008,-0.108876929971315,1.26956635541013,0.939407362758877
1.0,0.9691443975514857,97,High,1,0,"Flagged due to Very high fraud risk score, Strong anomaly in V14, Strong anomaly in V10, Strong anomaly in V12, Strong anomaly in V4, Strong anomaly in V17, Strong anomaly in parameter V17.2",-17.9506309618309,11.0670686608049,-20.7426595223452,6.07553050760549,-13.3897649672385,-4.53288835377002,-15.1881457975285,12.1010620553144,-4.02687989330881,-9.01741297442937,6.07064975176212,-8.56786450085983,-0.0019002661806679,-9.30123300164911,0.0197959820179134,-7.35212004645984,-13.923225303931,-4.98830380644959,1.34765631107896,1.71290938237055,1.7971341252338,-1.27567465936041,-0.705045810296498,0.102039840024336,1.17747721389029,-0.23873007615266,1.55446335204436,0.547947820129286
45.51,0.7172991617734992,72,High,1,0,"Flagged due to Elevated fraud risk score, Strong anomaly in V12, Strong anomaly in V4, Strong anomaly in V17, Strong anomaly in parameter V17.2",-3.14111481773954,2.01415371220239,-0.610409333608785,5.94665882891274,-1.86853400723498,0.756736892240363,-3.31384231234087,0.227978180993546,-0.937893804373359,-0.976491830527394,3.05059933586094,-6.93060548542287,0.118404517784811,-1.93153624243992,-0.569346542650597,-2.97608410042903,-5.39670175532831,-0.780562802876565,1.90655751088489,-0.563324498132998,1.40851107190565,0.800388799848745,0.514926320421351,-0.0493729777268121,-0.510364292608872,0.44258323685501,-0.165736839205461,0.6827840274271
124.53,0.9995341857009423,100,High,1,1,"Flagged due to Very high fraud risk score, Strong anomaly in V14, Strong anomaly in V10, Strong anomaly in V12, Strong anomaly in V4, Strong anomaly in V17, Strong anomaly in parameter V17.2",-2.86636370525907,2.34694943137396,-4.05330668845935,3.98335888025187,-3.46318571327039,-1.28095301603103,-4.47476383461874,1.21665528478137,-2.30982869782019,-5.51550707258062,3.04839203447565,-7.12825076846601,0.0059558009251745,-7.49518733635876,-0.25108802193356,-7.5680148993231,-12.2236328477344,-4.89517519350497,2.52496746940249,0.270013154062001,1.04973156228305,0.475840283409025,0.404480059350581,0.282029789710327,-0.506901095688855,-0.371741093052833,0.615256964379468,0.803162841917988
89.99,0.9387149986049643,94,High,1,0,"Flagged due to Very high fraud risk score, Strong anomaly in V14, Strong anomaly in V10, Strong anomaly in V12, Strong anomaly in V4, Strong anomaly in V17, Strong anomaly in parameter V17.2",-2.18128089514857,3.42239797750106,-6.62845656734943,4.09619502358876,-2.55853426386358,-2.90214138322304,-4.62734837037557,1.78316034418799,-2.68905833771853,-6.9595505761916,4.14647449606161,-8.2032048307005,-1.41573765274068,-10.0066503411988,1.06509408613874,-5.50240410133355,-8.90210626596614,-2.75205298221186,1.02473703213785,0.792160060785666,0.890441193979522,-0.286283771721815,0.0495111242960224,-0.0632652183259721,-0.158700729560977,-0.297130707226221,1.3484601938389,0.33017697898533
89.99,0.7179943538694451,72,High,1,0,"Flagged due to Elevated fraud risk score, Strong anomaly in V14, Strong anomaly in V10, Strong anomaly in V12, Strong anomaly in V4, Strong anomaly in V17, Strong anomaly in parameter V17.2",-6.59824534296877,6.2870664892955,-11.6022295919663,5.83979348923133,-6.45772292497261,-3.47850316847725,-9.76086725194195,4.76815473822345,-3.19697783849487,-10.6561481321643,9.06109409566254,-14.0577997731046,0.365763808490014,-12.1374595406538,-0.541331978859415,-9.39254105400436,-15.8820210984911,-5.04285823923509,1.84647392852965,1.35529439833267,1.51337287641379,-0.523757906738509,-0.106542102484123,-0.0082674349126816,0.229718744599993,-0.290764696497298,2.0046346601859,0.63121166304938
9.99,0.9896479189435823,99,High,1,1,"Flagged due to Very high fraud risk score, Strong anomaly in V14, Strong anomaly in V10, Strong anomaly in V12, Strong anomaly in V4, Strong anomaly in V17, Strong anomaly in parameter V17.2",-13.8972058704019,6.34428045616839,-14.2816664432471,5.58100899740718,-12.8871331616131,-3.1461763671985,-15.450467216827,9.06028147442157,-5.48612077680694,-14.6764702497464,5.1483517210937,-10.7495919949504,1.58548896754337,-9.79801207658904,0.733276999106463,-12.675268899047,-20.7406637223494,-8.15366802624724,5.2283417900513,-1.02522792390103,3.05808183846397,0.941180290424241,-0.232710298333368,0.763508019302571,0.0754562386388435,-0.453839571774416,-1.50896825698328,-0.686835738780169
1.0,0.9895256010400619,99,High,1,1,"Flagged due to Very high fraud risk score, Strong anomaly in V14, Strong anomaly in V12, Strong anomaly in V17, Strong anomaly in parameter V17.2",-1.51924353075082,2.30849245367643,-1.50359931953802,2.06410058377601,-1.00084505842829,-1.01689703316417,-2.05973051990126,-0.275166374590629,-1.56220609694371,-2.75579692797163,3.43824825990431,-3.52152936013651,-0.918761288376486,-4.45210024854037,0.499313753853031,-2.90790343439971,-5.24864639527919,-0.936814652613817,1.16012029433585,0.175018552247898,1.30787143187069,0.102825644139183,-0.0177462832428156,0.149695925673219,-0.0966024680642115,-0.369114567720136,-0.0192440931269227,-0.20831909164279
345.0,0.8993811009291676,90,High,1,1,"Flagged due to Very high fraud risk score, High transaction amount, Strong anomaly in V14, Strong anomaly in V10, Strong anomaly in V12, Strong anomaly in V4, Strong anomaly in parameter V17.2",0.232512476136408,0.938943680000523,-4.64777987861917,3.07984368774547,-1.90265531863884,-1.04140751952949,-1.02040664482631,0.547068603184495,-1.10599029357172,-3.52012767367189,2.07411645462861,-3.01077173816878,0.694977689554512,-5.38783122686352,1.778669797797,-2.93580442477364,-2.28557270821558,-0.237055632781029,1.97974707098703,1.14161507545704,0.911372759326949,1.04292865643844,0.999393887913078,0.901260455221573,-0.452093168108936,0.192959213794113,0.180859449380341,-0.0293153378913553
1.63,0.9996827189860543,100,High,1,1,"Flagged due to Very high fraud risk score, Strong anomaly in V14, Strong anomaly in V10, Strong anomaly in V12, Strong anomaly in V4, Strong anomaly in V17, Strong anomaly in parameter V17.2",-17.5189091261484,12.5721178535385,-19.0385383213549,11.1908946558522,-13.5547207079601,-0.41192361337145,-23.189396512394,-5.30141221815132,-8.63039030596902,-16.2556117491401,5.70211147983179,-13.8124040899594,-0.306815322507812,-7.01360737195925,-1.18229035380557,-9.3601791927531,-16.6683693822389,-7.14746777723207,2.16209864550609,2.52851232971436,-4.96947772242457,0.976124822110751,1.8412479337881,0.334417748210128,-0.720128461316563,-0.232603423065217,-3.02199247294556,-0.478158234859683
1.0,0.9789825181282805,98,High,1,1,"Flagged due to Very high fraud risk score, Strong anomaly in V14, Strong anomaly in V12, Strong anomaly in V4, Strong anomaly in parameter V17.2",-0.0796525365521887,3.22201046223725,-3.7242013893074,6.03734512826846,0.583394746331946,-0.691346179707007,-1.79988483348006,-2.62778128431688,-4.00133786259094,-2.27152578398956,1.51389817939856,-3.68294346446482,0.185830426148668,-4.69278763834241,0.247495674947084,-2.68188105082889,-2.28614467887841,-1.04884490280911,0.994829500437418,1.1985372847387,-0.664694294683722,1.13855644649209,-0.350753364122197,-0.287467300585566,0.808889022979463,0.823961705381379,0.668496565754242,0.595609828713858
512.25,0.999494540030572,100,High,1,1,"Flagged due to Very high fraud risk score, High transaction amount, Strong anomaly in V14, Strong anomaly in V10, Strong anomaly in V12, Strong anomaly in V4, Strong anomaly in V17, Strong anomaly in parameter V17.2",-1.92745281973369,1.82762056700016,-7.01949468454197,5.34830323951426,-2.73918788004738,-2.10721929638307,-5.01584797563431,1.20586815982046,-4.38271250852199,-8.33770697381781,7.19030608944843,-9.42484446049178,-0.223292646427513,-12.8754942229841,-0.071918160688794,-6.2999613976222,-12.719207160428,-3.74017615583058,0.844059610296466,2.17270905626492,1.37693832294098,-0.792016725563067,-0.771414187530036,-0.379574271539528,0.718716522008066,1.11115125599517,1.27770725705846,0.819081152045361
99.99,0.8082586704859807,81,High,1,1,"Flagged due to Elevated fraud risk score, Strong anomaly in V14, Strong anomaly in V10, Strong anomaly in V12, Strong anomaly in V4, Strong anomaly in V17, Strong anomaly in parameter V17.2",-15.9036352020113,10.3939171427504,-19.1336024646827,6.18596883540498,-12.5380209157442,-4.02703044708406,-13.8978265981985,10.6622517826007,-2.84495398482036,-9.66878891236125,7.39441941053863,-11.6356300484755,1.42327692545531,-8.64045910049478,-0.674719538892936,-7.69556878829619,-13.6841395944616,-4.77740603940726,1.26834277321029,1.50156541071894,1.57754822493456,-1.28013712313136,-0.601294526869194,0.0404039214626868,0.99550197117886,-0.273742711729157,1.688135896398,0.527830799573719
144.8,0.9892543187356635,99,High,1,1,"Flagged due to Very high fraud risk score, Strong anomaly in V14, Strong anomaly in V10, Strong anomaly in V12, Strong anomaly in V4, Strong anomaly in V17, Strong anomaly in parameter V17.2",-3.61385045502803,-0.922135693038651,-4.74988736419275,3.37300132781874,-0.545207025424103,-1.17130106266974,-4.17231457141019,1.51701594293521,-1.77583268078792,-3.75405392305562,2.73157578227581,-3.48937464729063,1.54738008909916,-4.57126773103714,-0.517958568740869,-4.23908653141223,-9.25063451000699,-2.4348278029986,1.98738627690236,-0.320540972806239,0.7867870185412,0.893064859228385,1.03490656705841,0.097671080445461,-1.34555112500186,-0.788328913242689,1.05544197476733,0.0999714026087802
1.0,0.999373785485898,100,High,1,1,"Flagged due to Very high fraud risk score, Strong anomaly in V14, Strong anomaly in V10, Strong anomaly in V12, Strong anomaly in V4, Strong anomaly in V17, Strong anomaly in parameter V17.2",-22.3418888868038,15.53613332478,-22.8652284959099,7.04337354768731,-14.1831291919342,-0.463144880408286,-28.2151120538009,-14.6077905214735,-9.48145633401495,-20.9491915543611,4.73958247105186,-11.9249546896802,-1.50141102577851,-3.83678146634435,-2.72032883823594,-8.88010567222989,-15.8251362851177,-6.75042522352437,-0.129188144339879,4.10001904830367,-9.11042257588182,4.15889482041313,1.41292844456256,0.38280067392155,0.447153952515532,-0.632816336434319,-4.38015425911661,-0.467862869164174
99.99,0.8988238133285584,90,High,1,1,"Flagged due to Very high fraud risk score, Strong anomaly in V14, Strong anomaly in V10, Strong anomaly in V12, Strong anomaly in V4, Strong anomaly in V17, Strong anomaly in parameter V17.2",-16.5986647432584,10.5417508026636,-19.8189818085279,6.0172946473619,-13.0259010501237,-4.12877900260013,-14.1188648469369,11.1611439952369,-4.09955143059712,-9.22282550730978,6.32936467621872,-8.95219071159749,-0.138363691274054,-9.82505442102721,0.0572235922374037,-7.54168742379503,-14.2595985921417,-5.03505152375192,1.43226792970939,1.53491982113512,1.72585282658181,-1.15160577552799,-0.680051901875725,0.108175914514646,1.06687834149611,-0.233720431391328,1.70752055210726,0.51142316911239
1.18,0.9997690487208786,100,High,1,1,"Flagged due to Very high fraud risk score, Strong anomaly in V14, Strong anomaly in V10, Strong anomaly in V12, Strong anomaly in V4, Strong anomaly in parameter V17.2",0.908636658181293,2.84902401493181,-5.64734296336341,6.00941477810058,0.216656395035464,-2.39701442397293,-1.81930788593969,0.338526987742346,-2.81988277297887,-4.06309810827338,2.94119009271712,-6.15136219091534,-1.98952853525001,-9.15095100562097,-0.604289998808266,-1.95229039984463,-2.89255533222526,-0.912057960709434,-1.56373996709776,0.241921294746754,0.407260461266497,-0.397434852530952,-0.0800058534116311,-0.168596545191964,0.465058497798457,0.210509756241616,0.648704799002062,0.360224330288316
99.99,0.9996674322277584,100,High,1,1,"Flagged due to Very high fraud risk score, Strong anomaly in V14, Strong anomaly in V10, Strong anomaly in V12, Strong anomaly in V4, Strong anomaly in V17, Strong anomaly in parameter V17.2",-25.9424344479142,14.6019980426299,-27.3686502881266,6.37839460769688,-19.1040334039646,-4.68480620428185,-18.2613929340355,17.0525663121462,-3.74260500983864,-8.233721369876,4.6648362538527,-6.52566786025865,0.92375858946558,-6.32597461208273,-0.0702237027595964,-5.83836021908828,-12.0616957125199,-4.77334851403019,0.852969608454831,1.66730429040185,1.78431598423494,-1.91775921336107,-1.23578743924962,0.161104731783341,1.82037804128869,-0.2193590586868,1.38878576213598,0.406809649908512
60.6,0.9695070892700746,97,High,1,1,"Flagged due to Very high fraud risk score, Strong anomaly in V14, Strong anomaly in V10, Strong anomaly in V12, Strong anomaly in V17, Strong anomaly in parameter V17.2",-3.21895201068387,2.70853541135777,-3.26304158740062,1.36186594394607,-1.64577567536596,-1.85298187130258,-3.06995821412732,-1.79687585578416,-0.213356097435365,-3.55198400939375,3.77974953895486,-6.98477147722078,-1.14097718858781,-9.37787845231763,0.921463506707037,-4.65207119462111,-9.09423129737693,-3.08254995409724,0.132330776389272,0.571654488206511,1.80787725006384,-0.890421395077162,-0.325814386573867,0.123039596922715,-0.0930137472776971,0.232105969675678,-0.310518998304807,-0.745294626799623
0.0,0.7523766553664037,75,High,1,0,"Flagged due to Elevated fraud risk score, Very small transaction amount, Strong anomaly in V12, Strong anomaly in V4, Strong anomaly in V17, Strong anomaly in parameter V17.2",-2.69025134631306,1.46526579377411,-0.691843550525963,4.32285538526228,-1.08687996001749,0.0635848279443602,-2.96687236563346,-0.0596455164754202,-0.0908270766693011,-1.29198032949673,2.96959875104349,-6.83563422212435,-0.2260370795626,-2.48469473267157,-2.20747444431277,-1.88301618113705,-6.67544865157052,-1.27362495266446,-1.16124521295349,-0.632750009970858,1.21139044769588,0.259111530727621,0.610188138078303,-0.119366124343422,0.0280773450822935,-0.0440738416576178,0.0056137978209849,0.557188798704771
120.54,0.9095979402506893,91,High,1,1,"Flagged due to Very high fraud risk score, Strong anomaly in V14, Strong anomaly in V10, Strong anomaly in V12, Strong anomaly in V17, Strong anomaly in parameter V17.2",0.467991939825149,1.1001181155631,-5.60714499999017,2.20471352581391,-0.578538842835423,-0.174199760931247,-3.45420147180469,1.10282268929697,-1.06501551547524,-5.41603688884657,4.49792897288062,-5.01960988798824,-1.01969120130359,-7.91498900748283,0.669648023350281,-4.47201433366572,-5.8569977597527,-2.2431779037749,-0.17381402447058,0.589574721718141,0.983480729453912,0.899876105807612,-0.285103424654105,-1.92971710448514,0.319868526124677,0.170636428415686,0.851798305715368,0.372098282227753
1.0,0.989408533546124,99,High,1,1,"Flagged due to Very high fraud risk score, Strong anomaly in V14, Strong anomaly in V10, Strong anomaly in V12, Strong anomaly in V4, Strong anomaly in V17, Strong anomaly in parameter V17.2",-1.81328048476897,4.91785071056565,-5.92612969400656,5.70150043141163,1.20439257214362,-3.03513754815611,-1.71340206347108,0.561257390902032,-3.79635425171163,-7.45484065078351,7.38805512292025,-10.4752286504099,-0.379314526756117,-11.7367291212569,-2.08698895215593,-2.44235398293755,-3.53552351168246,0.130360306640887,-2.07145048844325,0.576656033332069,0.615641835107552,-0.4064272753179,-0.73701807643754,-0.279641772215917,1.1067663744335,0.323885477719453,0.894766671515833,0.569518600269514
30.3,0.7790886513626877,78,High,1,1,"Flagged due to Elevated fraud risk score, Strong anomaly in V17, Strong anomaly in parameter V17.2",0.92376442016477,0.34404807190464,-2.88000365579163,1.72168007534123,-3.01956477860235,-0.639736122583852,-3.8013245024591,1.29909588513018,0.864065471140902,-2.89525166830126,3.02816223099618,-2.54917730779636,-1.56043182473423,-2.97131675769274,1.07889539651163,-4.70201182527384,-4.90809850732764,-1.5088732903485,3.0016850593747,0.170871765618069,0.8999311755668,1.48127100376248,0.725265549161058,0.176959582872624,-1.81563797523647,-0.536517111308732,0.489035020411905,-0.0497285787992942
88.23,0.9995924763167229,100,High,1,1,"Flagged due to Very high fraud risk score, Strong anomaly in V14, Strong anomaly in V10, Strong anomaly in V12, Strong anomaly in V4, Strong anomaly in V17, Strong anomaly in parameter V17.2",-8.42681446458936,6.24165891255794,-9.94646974501132,8.19961393161759,-8.21309336768256,-2.52204605104398,-11.6430282742756,5.33950009801351,-7.05101582770698,-12.2653238444006,7.04773274001302,-13.7429528415799,0.821627223133927,-14.1074642630375,1.02047093981622,-11.8478871921138,-21.6739867132891,-7.78404247450965,3.20430921695579,0.563869352833826,2.42746037443776,0.692666548056743,0.0203051671536146,0.499809093124917,0.467593621860553,0.483161969665241,1.19567086957704,0.198294350072086
1.0,0.999691209067031,100,High,1,1,"Flagged due to Very high fraud risk score, Strong anomaly in V14, Strong anomaly in V10, Strong anomaly in V12, Strong anomaly in V4, Strong anomaly in V17, Strong anomaly in parameter V17.2",-26.4577446501446,16.497471901867,-30.1773174564996,8.90415677106517,-17.8925996927224,-1.22790388102871,-31.1973285494605,-11.43892041491,-9.46257260540015,-22.1870885620007,4.41999660154863,-10.5923050053728,-0.703795803703315,-3.92620731586873,-2.40024649210124,-6.80988994039049,-12.4623149481086,-5.50105078380738,-0.567939572890149,2.81224110932946,-8.75569832116533,3.46089334478551,0.896537503959012,0.254835536763482,-0.738096558530353,-0.966564233789852,-7.26348214633855,-1.32488430656137
111.7,0.9893845095826308,99,High,1,1,"Flagged due to Very high fraud risk score, Strong anomaly in V14, Strong anomaly in V10, Strong anomaly in V12, Strong anomaly in V4, Strong anomaly in V17, Strong anomaly in parameter V17.2",-4.84437152213983,5.64943864783758,-6.73039574613665,5.25284201867297,-4.4095661499774,-1.74076745609347,-6.31169852901067,3.44916731253577,-5.41628435913526,-7.8335555711125,3.6573495649865,-7.7814479532704,1.50772042676786,-8.60475886835984,0.0105926875670707,-6.55397325691037,-12.6243936527694,-4.98990973846596,1.64541389333247,0.284555090358885,1.19488835625662,-0.845752531858704,0.190673885417928,-0.216443252531192,-0.325033100382822,-0.270327592956951,0.210214051535782,0.391854886292055
209.65,0.9896461364086031,99,High,1,1,"Flagged due to Very high fraud risk score, High transaction amount, Strong anomaly in V14, Strong anomaly in V10, Strong anomaly in V12, Strong anomaly in V4, Strong anomaly in V17, Strong anomaly in parameter V17.2",-6.75050851563533,5.36741605145469,-10.0546349530569,9.06447791765316,-7.96811808353808,-2.26379841398236,-10.317566180676,4.23766573099145,-5.32410880613734,-11.0923923688428,7.15408284221914,-17.1504052507291,-0.0953992277686904,-11.0301103643432,-1.95905455483077,-12.4485623424367,-22.6679054064789,-9.26460873295655,1.9823563171714,-0.0812198922441237,1.90903201764938,-0.34873973066671,0.425000563135111,0.674908669807175,-0.784208393488163,-0.247422102935353,1.1595813739152,0.197817874685768
1.0,0.9995719258105952,100,High,1,1,"Flagged due to Very high fraud risk score, Strong anomaly in V14, Strong anomaly in V10, Strong anomaly in V12, Strong anomaly in V17, Strong anomaly in parameter V17.2",-1.58550536691994,3.26158454822833,-4.13742198305023,2.35709625199132,-1.40504331370135,-1.87943719306477,-3.51368687087654,1.51560674568816,-1.20716636120056,-6.23456133227108,5.45074606689486,-7.33371406736393,1.36119332407831,-6.60806825219469,-0.481069424899829,-2.60247787045261,-4.83511205239717,-0.553026089102902,0.351948943356815,0.315957258937511,0.501543149467536,-0.54686881157389,-0.0765836358993043,-0.425550366841581,0.123644186352002,0.321984539336613,0.264028160503965,0.132816719764592
0.76,0.9593156569765974,96,High,1,1,"Flagged due to Very high fraud risk score, Very small transaction amount, Strong anomaly in V14, Strong anomaly in V10, Strong anomaly in V12, Strong anomaly in V17, Strong anomaly in parameter V17.2",-1.23280412810524,2.24411874456383,-1.70382579275654,1.49253586483501,-1.19298516971563,-1.68611021267902,-1.86461150490967,0.856122313785725,-1.97353527775248,-3.94238290411726,2.40165068027699,-3.39426561777896,-0.145161724970334,-4.32979551307589,0.758760885824274,-3.19904647594093,-4.48018356526203,-2.48566878350317,-0.0958074336903356,0.207889301735382,0.560475065574211,0.165681717805126,-0.0137535165177887,0.474935180269258,-0.218725074414735,0.302809125708237,0.46603094153746,0.250133538809307
59.0,0.9089988350536801,91,High,1,1,"Flagged due to Very high fraud risk score, Strong anomaly in V14, Strong anomaly in V10, Strong anomaly in V12, Strong anomaly in V17, Strong anomaly in parameter V17.2",-4.39797444171999,1.35836702839758,-2.5928442182573,2.67978696694832,-1.12813094208956,-1.70653638774951,-3.49619729302467,-0.248777743025673,-0.24776789948008,-4.80163740602813,4.89584422347523,-10.9128193194019,0.184371685834387,-6.77109672468083,-0.0073261825777121,-7.35808322132346,-12.5984185405511,-5.13154862842983,0.308333945758691,-0.17160787864796,0.573574068424352,0.176967718048195,-0.436206883597401,-0.0535018648884285,0.252405261951833,-0.657487754764504,-0.827135714578603,0.849573379985768
1.0,0.9896371180548769,99,High,1,1,"Flagged due to Very high fraud risk score, Strong anomaly in V14, Strong anomaly in V10, Strong anomaly in V12, Strong anomaly in V4, Strong anomaly in V17, Strong anomaly in parameter V17.2",-4.56634156694274,3.35345148012501,-4.57202780762531,3.61611930403552,-2.49313810882875,-1.0899997127127,-5.55143306976649,0.44778308394893,-2.42441402571208,-5.69992228265959,3.58682418337431,-6.63622904939297,-1.1281764439465,-7.24554959537009,0.638325536245456,-6.85681003898144,-8.85187850534679,-4.5918832274368,0.936939858866071,-0.249127726683026,2.67446587862872,-0.0208799797343963,-0.302447083877198,-0.0863964000107124,-0.516059779833395,-0.295102234035121,0.195985145691014,0.141115102721758
12.31,0.9897159972613305,99,High,1,1,"Flagged due to Very high fraud risk score, Strong anomaly in V14, Strong anomaly in V10, Strong anomaly in V12, Strong anomaly in V4, Strong anomaly in V17, Strong anomaly in parameter V17.2",-4.86810843844627,1.26441977404559,-5.16788542660662,3.19364784504611,-3.04562137708228,-2.09616609885545,-6.44561018266068,2.4225355920307,-3.2140554159387,-8.74597261185534,5.41604190908794,-8.16412507731485,-0.165010607208302,-10.1935303551514,-1.89521031032574,-7.36047460938421,-14.6687710766351,-4.87711900477519,1.38560952778492,0.66730977994879,1.26920538901712,0.0576572516592633,0.629307399675982,-0.168431773502721,0.443743902404587,0.276539471570389,1.44127396787951,-0.127943726430018
1.0,0.7961487219669755,80,High,1,1,"Flagged due to Elevated fraud risk score, Strong anomaly in V14, Strong anomaly in V4, Strong anomaly in V17, Strong anomaly in parameter V17.2",1.15937314510686,2.84479469928473,-4.05067950821309,4.77770088131929,2.94898004123771,-2.01036111013216,1.74408581794948,-0.410286521869204,-2.45019774688553,-2.04216786301424,1.84409317018026,-2.42593281501277,-1.5842751343556,-7.2083115791564,0.459828383286257,2.37529619792022,6.4435098643744,2.59184606301795,-2.88977035831304,-0.059264385833904,-0.176541018596848,-0.433469859425429,-0.529323202003731,-0.597019604985794,1.33595405267787,0.547092070642555,0.0099789442639121,0.160769150049196
0.76,0.86921428716088,87,High,1,1,"Flagged due to Elevated fraud risk score, Very small transaction amount, Strong anomaly in V14, Strong anomaly in V10, Strong anomaly in V12, Strong anomaly in V17, Strong anomaly in parameter V17.2",1.37855899734127,1.28938093711056,-5.00424678441137,1.4118498419441,0.442580635567782,-1.3265359338336,-1.41316995590712,0.248525467627175,-1.12739593417081,-3.23215317539514,2.8584658156696,-3.09691489835154,-0.792532436177748,-5.21014084572584,-0.613803263850514,-2.15529688535221,-3.26711568106648,-0.68850546268346,0.737657217477667,0.226137945500703,0.370611857232494,0.0282344454140697,-0.145640429197154,-0.0810494069107769,0.521874501959455,0.739467256056059,0.389151843520624,0.186636547522687
2.0,0.9795752511838274,98,High,1,1,"Flagged due to Very high fraud risk score, Strong anomaly in V14, Strong anomaly in V10, Strong anomaly in V4, Strong anomaly in parameter V17.2",0.754315925858731,2.37982185248504,-5.13727449343089,3.81839172249665,0.0432026520139663,-1.28545137361934,-1.76668362059541,0.756710661816359,-1.76572209782095,-3.26300672553831,3.59279683214404,-2.77234880583364,-0.0745336542111445,-6.28109364908023,0.165978009089423,-2.67917124597012,-1.38555652893852,0.249056748544312,2.3534526931986,0.369662961829814,0.397057600980957,0.141165218358707,0.171984534755456,0.394273775761011,-0.4446418368392,-0.2631890643687,0.304702950350999,-0.0443622747894533
0.77,0.9795452629425558,98,High,1,1,"Flagged due to Very high fraud risk score, Very small transaction amount, Strong anomaly in V14, Strong anomaly in V10, Strong anomaly in V12, Strong anomaly in V4, Strong anomaly in parameter V17.2",-1.20139778318497,4.86453518123444,-8.32882331553453,7.65239936205533,-0.167445105903909,-2.76769464972835,-3.17642095110716,1.62327867967437,-4.36722762476754,-5.5334430286147,4.1064045585523,-6.33182479621436,0.671784814909419,-12.1565865835299,1.02025178475153,-2.11086343309451,-1.55854452752772,0.195991826282669,0.502453451135321,0.597025549850308,0.532320016259289,-0.556913021850898,0.192444399731584,-0.698588444235578,0.0250027161193826,0.514967603188505,0.378105295962737,-0.0531327938498238
99.99,0.9891570907264727,99,High,1,1,"Flagged due to Very high fraud risk score, Strong anomaly in V14, Strong anomaly in V10, Strong anomaly in V12, Strong anomaly in V4, Strong anomaly in V17, Strong anomaly in parameter V17.2",-10.5273044341626,7.63974510878724,-13.4431145027514,4.30340291762786,-8.04820986720506,-3.46699653575204,-8.64319279153494,7.28410530047069,-2.36209663777244,-5.99659592015915,2.5891035399443,-5.9622614216576,-0.468955402702701,-6.77818372152522,0.907946622048306,-3.97013003226966,-6.85761265464239,-2.51173568202806,0.511761951503497,0.847085223070639,0.937415595523653,-0.931178206442092,-0.235696693319785,-0.0313933540844794,0.591558276561224,-0.263516323288921,1.10889729755393,0.219021143211497
489.71,0.9894262406095639,99,High,1,1,"Flagged due to Very high fraud risk score, High transaction amount, Strong anomaly in V14, Strong anomaly in V10, Strong anomaly in V12, Strong anomaly in V17, Strong anomaly in parameter V17.2",-1.82429505976067,0.403326526860602,-1.99412200641801,2.75655816357726,-3.13906432572579,0.408185014718199,-1.20904511871624,1.09563435393431,-1.44722489217345,-3.95100289197434,2.56070020158284,-3.4119829114195,-0.781669619949492,-4.7327675351632,-0.433973654922625,-3.30608841178359,-4.23102187544855,-0.750809770409941,2.69080834203374,1.50368830479002,0.838760421033887,0.341727095787049,0.947506491293615,-0.145493002452622,0.0493257725258454,0.831065451615044,0.33242130393302,0.252712728641008
1.0,0.8876500445871441,89,High,1,1,"Flagged due to Elevated fraud risk score, Strong anomaly in V14, Strong anomaly in V10, Strong anomaly in V12, Strong anomaly in V4, Strong anomaly in parameter V17.2",-2.37753280180283,0.520539361927579,-8.09413945532841,8.00535147326105,2.64075021376276,-3.38158645291742,-1.93437244067366,0.562322111872781,-3.10402718606356,-3.05121035544102,5.73576265915634,-4.74769250131792,-0.784223284478966,-10.7163393018774,0.656516978131348,-1.14246727231018,0.91859080878698,1.12633522330277,0.0929734778841175,-0.634747080915274,0.148284201590387,0.7210995412337,2.66129069804724,-0.508619933518595,-0.401656629278738,0.587611216267645,0.500326371108344,0.551759687906722
89.99,0.9185190189738972,92,High,1,0,"Flagged due to Very high fraud risk score, Strong anomaly in V14, Strong anomaly in V10, Strong anomaly in V12, Strong anomaly in V4, Strong anomaly in V17, Strong anomaly in parameter V17.2",-5.34555818470053,5.11687488641229,-9.2700554453633,4.15176606511095,-4.83925826657473,-3.00170504839428,-5.98250522069266,3.89278125348395,-2.58795866504663,-6.62498180714501,3.54637672033364,-7.36777215824865,-1.05147094140971,-8.77793381230721,0.998339064959253,-4.9065289786993,-8.1257673941744,-2.64469700705271,0.834800945433661,0.812660485845997,0.902817378068229,-0.491615505311445,0.217217962021123,-0.0658999449397152,0.197833954149528,-0.277323429665531,1.24247170113998,0.28189336739507
1.0,0.9896449258618973,99,High,1,1,"Flagged due to Very high fraud risk score, Strong anomaly in V14, Strong anomaly in V10, Strong anomaly in V12, Strong anomaly in V4, Strong anomaly in V17, Strong anomaly in parameter V17.2",-4.32060921481281,3.19993870654465,-5.79973605389345,6.50233023566696,0.378479252807864,-1.94824637096657,-2.16785950480668,-0.728206711605414,-1.97723831745674,-3.47341070390428,4.56919375212135,-9.32115263136084,-1.59251765115386,-14.2668362798028,0.467776602458787,-4.06620855488173,-6.62696817708246,-1.43715841938037,-0.215409738450978,-0.263686068021973,0.47666042483552,0.434278328284482,-0.13693991841301,-0.620071695417129,0.642530576414265,0.28071734804164,-2.64910674899003,0.533640939848599
1.0,0.9895295247065373,99,High,1,1,"Flagged due to Very high fraud risk score, Strong anomaly in V14, Strong anomaly in V10, Strong anomaly in V12, Strong anomaly in V4, Strong anomaly in V17, Strong anomaly in parameter V17.2",-13.1926709562391,12.785970638298,-9.90665002092758,3.32033688288942,-4.80117593230105,5.76005855618556,-18.7508891580107,-37.3534426378925,-0.391539743919107,-5.05250236713858,4.40680552357904,-4.61075647740608,-1.90948796970811,-9.07271093398351,-0.226074450896345,-6.21155748212485,-6.24814535335983,-3.14924669470095,0.0515761185277783,-3.49304991519446,27.2028391573154,-8.88701714094871,5.30360690376998,-0.639434802306313,0.263203123457008,-0.108876929971315,1.26956635541013,0.939407362758877
88.23,0.9796108534080774,98,High,1,1,"Flagged due to Very high fraud risk score, Strong anomaly in V14, Strong anomaly in V10, Strong anomaly in V12, Strong anomaly in V4, Strong anomaly in V17, Strong anomaly in parameter V17.2",-5.31417320646342,4.14594361146639,-8.53252245892907,8.34439167363678,-5.71800820787464,-3.04353608094129,-10.9891846672722,3.40412865609659,-6.16723364181153,-11.435623996076,7.67453383416429,-14.2960914258331,0.526938923712363,-15.4450258118019,0.991651201275811,-12.3913460034009,-22.5416517287861,-7.98672065349455,2.99255446334225,1.15001731865814,2.33146580801509,0.862996305559532,-0.614453237551036,0.523647877136623,-0.712593271662611,0.324637964828057,2.24509146635599,0.497320848969724
45.64,0.9893627468554794,99,High,1,1,"Flagged due to Very high fraud risk score, Strong anomaly in V14, Strong anomaly in V10, Strong anomaly in V12, Strong anomaly in V4, Strong anomaly in V17, Strong anomaly in parameter V17.2",-4.38422089880268,3.26466481012305,-3.07715801666012,3.40359359659281,-1.93807528041028,-1.2210812776781,-3.3103166090276,-1.11197501012863,-1.97759328056305,-3.28820356526528,2.88609147657536,-6.84897793447677,-1.02923459062256,-7.46010298330266,0.0559060176229105,-4.33478342671028,-9.87456039324105,-3.54190332932228,-0.531558760456647,-0.141533268810834,2.07638272101207,-0.990302787008607,-0.330358452316133,0.158377625833497,0.0063514462492984,-0.493860013315231,-1.53765237842389,-0.994022490842227
0.0,0.9995164186541813,100,High,1,1,"Flagged due to Very high fraud risk score, Very small transaction amount, Strong anomaly in V14, Strong anomaly in V10, Strong anomaly in V12, Strong anomaly in V4, Strong anomaly in V17, Strong anomaly in parameter V17.2",-0.937843305478391,3.46288948991687,-6.44510395393435,4.9321986662268,-2.23398306982245,-2.29156112129773,-5.69559392853253,1.33882463362261,-4.32237655329329,-8.0991193981365,7.18296700883659,-9.44594338249901,-0.314619967520224,-12.9914655817567,-0.136358931959623,-6.36752437517144,-12.7343938853776,-3.84512965889743,1.00766725992114,1.12953228130351,1.06655024941577,-0.521657289347299,-0.319917292909547,-0.405859088093617,0.906802159957716,1.16578389011737,1.37449533233535,0.729889341911333
8.54,0.9996158480541141,100,High,1,1,"Flagged due to Very high fraud risk score, Strong anomaly in V14, Strong anomaly in V10, Strong anomaly in V12, Strong anomaly in V4, Strong anomaly in V17, Strong anomaly in parameter V17.2",-3.63280894927825,5.43726336227612,-9.13652148062595,10.3072263079132,-5.42183029451154,-2.86481514933136,-10.6340876212042,3.01812657999175,-4.89164032107494,-11.2350479111446,8.78878366710272,-18.5536970096458,-0.339533407676443,-15.6231873302985,-0.188978574214972,-12.4279613630565,-20.1590474539227,-6.88889109280947,2.58609321670737,1.35406479520345,2.30988016889674,0.978660126299279,-0.0961301444473713,0.432376722544823,-0.435627929953396,0.65089278643537,1.69360750804844,0.857685371687245
118.3,0.9998025494976871,100,High,1,1,"Flagged due to Very high fraud risk score, Strong anomaly in V14, Strong anomaly in V10, Strong anomaly in V12, Strong anomaly in V4, Strong anomaly in V17, Strong anomaly in parameter V17.2",-10.2817840384715,6.30238478416897,-13.271718028752,8.92511547634157,-9.97557831146449,-2.83251346361162,-12.7032526593299,6.70684583868978,-7.07842395823848,-12.8056831898117,6.78605830197451,-13.0642398936784,1.1795245105938,-13.694873039573,0.951479176238826,-10.9542857275047,-20.5835927904158,-7.51726213169106,2.87235363605874,-0.247647527731929,2.47941350799644,0.366932842343897,0.0428046480276363,0.478278891799746,0.157770817898023,0.329900959238367,0.163504340964582,-0.485552212695879
0.77,0.9994683131023323,100,High,1,1,"Flagged due to Very high fraud risk score, Very small transaction amount, Strong anomaly in V14, Strong anomaly in V10, Strong anomaly in V12, Strong anomaly in V4, Strong anomaly in parameter V17.2",-1.067713272294,5.26231210944906,-8.4385670664835,7.31648729995658,0.0082535729164869,-2.12593631959976,-3.3070357352934,1.86983752340028,-4.52258362448849,-5.17281182346005,5.59112619350265,-5.64041745782421,0.784510038605689,-12.0438056158463,0.353814874886981,-1.92055816814255,-1.87992827944447,0.679751299229409,0.797641375455208,0.821404548671474,0.547789786518153,-0.491959821843257,0.0559141341245579,-1.14536853471475,0.0689513455242996,0.535054734945035,0.539263072143882,0.124255055772618
89.99,0.7278120452162292,73,High,1,0,"Flagged due to Elevated fraud risk score, Strong anomaly in V14, Strong anomaly in V10, Strong anomaly in V12, Strong anomaly in V4, Strong anomaly in V17, Strong anomaly in parameter V17.2",-13.9113356477676,9.5081173877729,-17.5062559548924,6.11244206730552,-11.1916527862955,-3.93742435944349,-13.0516970232644,9.40797938117367,-2.91890077733798,-9.87533126890905,7.74959383691045,-12.1515838726847,1.19529765408087,-9.38762445000577,-0.648015494920854,-8.06411712681259,-14.1531470387412,-4.83299318840152,1.39189181018538,1.48691932999852,1.5701800030759,-1.11913411397296,-0.486481415415153,0.0284971143835181,0.832398696333928,-0.277974920150803,1.7459687365626,0.554759759824485
35.0,0.8983398824137321,90,High,1,1,"Flagged due to Very high fraud risk score, Strong anomaly in V14, Strong anomaly in V10, Strong anomaly in V12, Strong anomaly in V4, Strong anomaly in parameter V17.2",-7.38154698606367,-7.44901515872674,-4.6962865237175,3.72843914957409,6.19830434711234,-6.40626663445964,-5.83145156036761,1.45717491941563,-0.6462025802667,-4.02912871953916,2.52894302060173,-3.308721722205,-1.99200968898389,-5.75721608217278,-0.877323474271716,-1.54755182348258,-1.90901678581052,0.500567470429737,0.136722438174659,2.93275812573212,1.17657484784395,-0.978692051214679,-0.278330343454922,-0.635873793806618,0.123539440325404,0.404729308452323,0.704914653621431,-1.22999168169143
1.0,0.9895994297157721,99,High,1,1,"Flagged due to Very high fraud risk score, Strong anomaly in V14, Strong anomaly in V12, Strong anomaly in V4, Strong anomaly in V17, Strong anomaly in parameter V17.2",-3.57636177773708,3.29943622098785,-7.46043319687438,7.78363417666419,-0.398548657536885,-1.96844144838725,-3.11047619254795,-0.328403695377149,-1.57436284547485,-2.49756054724841,4.60417047790948,-9.0019148555682,-1.27632400546329,-13.9694706254616,1.25694535316357,-4.49162922501012,-5.96998693103967,-1.27466622002178,1.14778361222539,-0.181455201194929,0.540730752300116,0.719526342466937,0.379248749413946,-0.616961860032022,-0.44281081400968,0.359840688732324,-2.65182487459349,0.422184391599186
1.0,0.8251953849187177,83,High,1,1,"Flagged due to Elevated fraud risk score, Strong anomaly in V14, Strong anomaly in V17, Strong anomaly in parameter V17.2",1.14086473658976,1.22131743135767,-1.45295546048243,2.06757505760281,0.854742052227546,-0.981222507744598,0.325713913670098,-0.0377214068783676,0.113219371615132,-2.12697274994354,0.915947028928619,-0.468571538051367,-0.523377293666349,-4.86186658087283,0.421013353871263,0.866440624739209,4.08248488419359,1.1963181517001,-1.10076358353881,-0.0677120411898438,-0.377597095255037,-0.79345965987036,-0.132333171548173,-0.33158626897425,0.664877856718148,-0.309312434134138,0.099941947375597,0.122988311929089
0.0,0.8193124744684819,82,High,1,1,"Flagged due to Elevated fraud risk score, Very small transaction amount, Strong anomaly in V14, Strong anomaly in V4, Strong anomaly in parameter V17.2",-2.3122265423263,1.95199201064158,-1.60985073229769,3.9979055875468,-0.522187864667764,-1.42654531920595,-2.53738730624579,1.39165724829804,-2.77008927719433,-2.77227214465915,3.20203320709635,-2.89990738849473,-0.595221881324605,-4.28925378244217,0.389724120274487,-1.14074717980657,-2.83005567450437,-0.0168224681808257,0.416955705037907,0.126910559061474,0.517232370861764,-0.0350493686052974,-0.465211076182388,0.320198198514526,0.0445191674731724,0.177839798284401,0.261145002567677,-0.143275874698919
1.0,0.999671242812304,100,High,1,1,"Flagged due to Very high fraud risk score, Strong anomaly in V14, Strong anomaly in V10, Strong anomaly in V12, Strong anomaly in V4, Strong anomaly in V17, Strong anomaly in parameter V17.2",-1.7567118508365,3.26657425418237,-4.15338789695403,3.92452561357555,-1.7537718434176,-1.0057867792296,-4.31321717578502,1.56071190324579,-3.29567366751075,-6.2133552491157,4.52299197543382,-6.6528440527591,-0.12468523386066,-8.60448620191387,0.110359314846888,-5.94548061159606,-9.33893779428438,-2.39019258818085,3.18415235636348,0.874720103498016,0.911427441871296,0.0530612807310541,-0.367700953962814,-0.776337755840596,0.292093831084717,0.025999713844171,1.0629681996854,0.501148168228208
89.99,0.8278731152398698,83,High,1,0,"Flagged due to Elevated fraud risk score, Strong anomaly in V14, Strong anomaly in V10, Strong anomaly in V12, Strong anomaly in V4, Strong anomaly in V17, Strong anomaly in parameter V17.2",-4.07179906183145,4.92976519057674,-9.5233489113068,5.79191776457227,-4.77256107451684,-3.3072468142379,-8.51368011017379,3.07399945571264,-3.29762518911462,-10.95755089007,9.5407456285899,-14.7458493424181,0.0785630629037136,-13.1279711679022,-0.489527952922867,-9.86033886455941,-16.5111433452125,-5.11451986577754,2.00171025420955,1.35694306400582,1.50353969875991,-0.331471141569323,-0.0238270454743375,-0.0172984688000735,-0.0031548968238989,-0.30267316362824,2.07422617595988,0.662986332638537
340.11,0.9794877403507972,98,High,1,1,"Flagged due to Very high fraud risk score, High transaction amount, Strong anomaly in V14, Strong anomaly in V10, Strong anomaly in V12, Strong anomaly in V4, Strong anomaly in V17, Strong anomaly in parameter V17.2",-4.59561704249556,5.08369023030901,-7.58101461744265,7.54603279503791,-6.94916456384443,-1.72918492987346,-8.19019171984817,2.71466961013434,-7.08316933143187,-11.1412776902967,7.38185937432083,-14.4686550955305,0.299659909360646,-13.602211465597,0.516112699650764,-13.5632729563133,-23.8156358284126,-9.17055721888169,3.66952343976659,1.68216030642087,2.24897122592187,0.566843572297808,0.0337440528595468,0.591783408003629,0.334228764687698,0.386801106292112,2.16389776726335,0.983103834042297
99.99,0.9996639388301267,100,High,1,1,"Flagged due to Very high fraud risk score, Strong anomaly in V14, Strong anomaly in V10, Strong anomaly in V12, Strong anomaly in V4, Strong anomaly in V17, Strong anomaly in parameter V17.2",-21.2091195927913,12.6521968313004,-23.5539329441267,6.17407791004356,-16.026658125511,-4.42219459449987,-16.2294437253382,14.1160019049786,-3.92274144947115,-8.72024451506225,5.49388683652872,-7.7408158639401,0.384814230466723,-8.078240669038,-0.0148996037313368,-6.7012888702885,-13.1592668578419,-4.90303149501704,1.1462752482696,1.60243883702914,1.75844007534189,-1.52258816196329,-0.903860197993699,0.130166452450156,1.45485651906738,-0.223214403323927,1.55092845004664,0.461459566763514
89.99,0.9085100858375621,91,High,1,0,"Flagged due to Very high fraud risk score, Strong anomaly in V14, Strong anomaly in V10, Strong anomaly in V12, Strong anomaly in V4, Strong anomaly in V17, Strong anomaly in parameter V17.2",-3.50812439425488,4.01325756275225,-7.70237598436773,4.14469725952441,-3.42333673628649,-2.9826587948248,-5.22315331062205,2.62557405738524,-2.63818312328379,-6.81720358769122,3.90840043421773,-7.85683671710905,-1.2649476918315,-9.50724779325871,1.04595932912302,-5.26024712446792,-8.58802137010802,-2.71474233442828,0.942523485067801,0.80958622413842,0.89865661449261,-0.394224545642138,-0.0248025754927476,-0.0561161963555789,-0.0499337009631711,-0.294644988198059,1.30387180920975,0.315250367237578
1.0,0.9896314296471297,99,High,1,1,"Flagged due to Very high fraud risk score, Strong anomaly in V14, Strong anomaly in V10, Strong anomaly in V12, Strong anomaly in V4, Strong anomaly in V17, Strong anomaly in parameter V17.2",-10.3630494651588,4.54367201286394,-9.79589773551539,5.50800333404763,-6.03715599427489,-0.133492972364907,-11.7243461176622,-3.19834557193323,-4.76784222430147,-9.33212806886128,5.2241240042156,-7.74312234505579,-1.56034320038539,-7.14041803349475,1.18597782557697,-6.59870406570123,-12.1205390025684,-3.90409153348034,2.51343040062446,0.924396179705582,-2.45714487251707,1.68725664165106,0.977178353536712,-0.543368976583511,-0.289124786926125,-0.107586425389056,0.330641897772597,0.163577149556086
23.36,0.9797823654456524,98,High,1,1,"Flagged due to Very high fraud risk score, Strong anomaly in V14, Strong anomaly in V10, Strong anomaly in V12, Strong anomaly in V17, Strong anomaly in parameter V17.2",0.288028928428076,0.965681439446855,-1.45949519977085,1.92186300234526,-1.91241402974899,-1.13028190025527,-2.81426265960526,0.648663224885543,-0.695262639845074,-3.46568908576121,2.35161910622909,-3.82670531942496,-0.767569849115369,-4.8528669146236,1.66486300420352,-2.61736133003734,-4.83555830647772,-1.92175160139324,-0.385884175181753,0.330916894188196,0.603127128021142,0.380690182113136,-0.0641251755885565,0.271380100640141,0.33721953478356,0.626155869423677,0.565124825956713,0.305925255390835
238.9,0.9891984425182316,99,High,1,1,"Flagged due to Very high fraud risk score, High transaction amount, Strong anomaly in V14, Strong anomaly in V10, Strong anomaly in V12, Strong anomaly in V4, Strong anomaly in V17, Strong anomaly in parameter V17.2",-4.19873460983989,0.194120636801706,-3.91758567828042,3.92074784640417,-1.87548574659158,-2.11893292738694,-3.61444510993627,1.68788446543007,-2.18987113590881,-4.68423332514029,4.37690666362302,-5.00744082816051,-1.30474507803596,-6.19247526385522,1.00240426741391,-3.31693430074553,-6.18883415213498,-1.04041264854272,1.23304434947994,1.0033504305956,0.801312235949018,-0.183000576489906,-0.440386862411508,0.292539411877521,-0.144967421927777,-0.251743981877142,1.24941367428483,-0.131524643545312
1.0,0.7964337150387469,80,High,1,1,"Flagged due to Elevated fraud risk score, Strong anomaly in V14, Strong anomaly in V4, Strong anomaly in V17, Strong anomaly in parameter V17.2",-0.264868683737295,3.38613996883911,-3.4549969895002,4.36762905773351,3.33606042827178,-2.05391842272465,0.256890458421417,-2.95723544083265,-2.8557972336327,-2.8084555425423,1.84750351109611,-2.4148223375383,-2.57322454244165,-6.5991261303635,0.123470382678038,2.57237180761341,6.60936580903842,2.53066979960508,-3.60265725092653,0.482513022122587,-1.39450379366468,-0.166029306744804,-1.45208118338289,-0.251814670710545,1.24346054282121,0.45278677690471,0.13221807596169,0.42459946550375
18.0,0.9590091320343838,96,High,1,1,"Flagged due to Very high fraud risk score, Strong anomaly in V14, Strong anomaly in V10, Strong anomaly in V12, Strong anomaly in V4, Strong anomaly in parameter V17.2",-1.10847821852891,3.44895257232738,-6.21697180605649,3.02105161812575,-0.529900931709915,-2.55137517507643,-2.00174290819286,1.09243237369483,-0.836098368778531,-4.09564897273592,2.42595071598052,-6.06726194524698,1.83243272022382,-3.50170251648822,-1.00400820464185,-3.5012811030282,-2.941876323532,-1.12574106196719,0.37371480785248,-0.0685983809223332,0.825951491439622,1.14416978988846,0.208559481945769,-0.295497424488562,-0.690232196243341,-0.364749075788586,0.229327220125504,0.208829891689567
99.99,0.9996309155336099,100,High,1,1,"Flagged due to Very high fraud risk score, Strong anomaly in V14, Strong anomaly in V10, Strong anomaly in V12, Strong anomaly in V4, Strong anomaly in V17, Strong anomaly in parameter V17.2",-19.8563223334433,12.0958932259299,-22.4640827464876,6.11554110191771,-15.1480215209615,-4.34672408349599,-15.6485074722661,13.2768048056341,-3.97416161954102,-8.85919405880884,5.73081553744459,-8.08803351213651,0.230824969324902,-8.57897327333454,0.000946636693186,-6.94774606726094,-13.4728970076501,-4.94021082886802,1.23014255193802,1.58292955492187,1.75072984045421,-1.40963570908141,-0.809809278333882,0.121396659905885,1.35030007077468,-0.224291873525585,1.59762136835254,0.476919818025438
1.0,0.9893889866509774,99,High,1,0,"Flagged due to Very high fraud risk score, Strong anomaly in V14, Strong anomaly in V10, Strong anomaly in V12, Strong anomaly in V4, Strong anomaly in V17, Strong anomaly in parameter V17.2",-26.6199521452086,14.8455447406263,-27.7470835325313,6.40810498281617,-19.0257413024853,-5.05320921097892,-19.0419604323609,17.5737124124331,-3.69586273956123,-8.09804759044116,4.5243215285123,-6.31480012039277,0.98325124569408,-6.05212557763744,-0.0999102348871289,-5.77245553937592,-11.881959902271,-4.74460275921372,0.809987772570868,1.84005520460596,1.85320904035127,-1.98556667726793,-1.21012274607896,0.150261280456044,1.8792617582138,-0.225018716888667,1.25738001893244,0.451776825042051
10.7,0.9994863624065546,100,High,1,1,"Flagged due to Very high fraud risk score, Strong anomaly in V14, Strong anomaly in V10, Strong anomaly in V12, Strong anomaly in V17, Strong anomaly in parameter V17.2",-3.81821371829341,2.55133767783118,-4.75915831591909,1.63696695878653,-1.16790008391088,-1.67841338780471,-3.14473247208576,1.24510555037845,-1.69254135414833,-4.75993137385013,3.64225693939881,-4.165202322571,0.703069875094878,-7.62431631397779,-1.49801239964762,-4.07999232998846,-6.71717654755023,-1.88754964911755,1.35674828969143,0.164453445972909,0.837685440079622,0.761712127064149,-0.417694265920243,-0.469712471536136,-0.225934235750846,0.586415248500604,-0.348107405939032,0.0877768724326224
802.52,0.8689464755187845,87,High,1,1,"Flagged due to Elevated fraud risk score, High transaction amount, Strong anomaly in V14, Strong anomaly in V10, Strong anomaly in V17, Strong anomaly in parameter V17.2",-2.14441147422114,1.0734990949761,-2.77366294436956,1.38439373061694,-4.01547712730958,0.747235431622141,1.52563753547227,0.192987836205386,-2.43186196584916,-4.15583783449678,4.35477463025116,-2.87240010922107,0.468875462284219,-4.55566674751092,0.699671492981511,-2.90114077639634,-4.67466711122835,-2.21362325223921,1.29616504982889,0.668123787084126,0.14465327974064,-0.885681640451265,0.625098628062992,0.0965268919194303,-0.189454895625625,0.532908314019749,0.423044721673666,-0.210266310409715
94.82,0.999658817825319,100,High,1,1,"Flagged due to Very high fraud risk score, Strong anomaly in V14, Strong anomaly in V10, Strong anomaly in V12, Strong anomaly in V4, Strong anomaly in V17, Strong anomaly in parameter V17.2",-1.04006722316026,3.10670266443901,-5.40902719870311,3.10990342442989,-0.887237039790953,-2.49752183582566,-2.07334746311485,0.639818099305764,-3.01333057190308,-5.9548382969224,3.58639450927204,-5.51714762692598,0.683652475018798,-8.5604228759795,1.85609491585409,-4.87824808848093,-4.33599801203682,-1.3771910852015,3.0573817418767,1.05439010295385,0.773960867519738,0.214868420362258,-0.184233022038014,-0.284091370881042,0.493466608549931,0.732328821135949,0.675066703315442,0.337076231470716
364.19,0.9994447350023201,100,High,1,1,"Flagged due to Very high fraud risk score, High transaction amount, Strong anomaly in V14, Strong anomaly in V10, Strong anomaly in V12, Strong anomaly in V4, Strong anomaly in V17, Strong anomaly in parameter V17.2",-16.5265065691231,8.58497179585822,-18.6498531851945,9.50559351508723,-13.7938185270957,-2.83240429939747,-16.701694296045,7.51734390370987,-8.50705863675898,-14.1101844415457,5.29923634963938,-10.8340064814734,1.67112025332681,-9.37385858364976,0.360805641631617,-9.89924654080666,-19.2362923697613,-8.39855199494575,3.10173536885404,-1.51492343527852,1.19073869481428,-1.12767000902061,-2.3585787697881,0.673461328987237,-1.4136996745882,-0.46276236139933,-2.01857524875161,-1.04280416970881
89.99,0.9086501319938179,91,High,1,0,"Flagged due to Very high fraud risk score, Strong anomaly in V14, Strong anomaly in V10, Strong anomaly in V12, Strong anomaly in V4, Strong anomaly in V17, Strong anomaly in parameter V17.2",-32.2734697508194,17.9305504474842,-32.4541981862547,6.55515150338933,-23.2364034992243,-4.48706641127149,-22.0304169059265,18.282167610167,-3.79756328326756,-8.10211962305318,3.49283222619048,-4.74833066674411,1.36619921521097,-3.6891812915722,-0.266117797636724,-4.60671965490335,-10.5155072980476,-4.53914772717545,0.332819694371177,2.41800086129014,0.581453962899513,-1.93144025993773,-0.895688837257298,0.143892731058132,2.34334089187043,-0.211099594796605,1.12905728937523,0.377602191445245
99.99,0.8989049152850354,90,High,1,1,"Flagged due to Very high fraud risk score, Strong anomaly in V14, Strong anomaly in V10, Strong anomaly in V12, Strong anomaly in V4, Strong anomaly in V17, Strong anomaly in parameter V17.2",-17.2751911945397,10.8196653713117,-20.3638859739149,6.04661174671427,-13.4650333517322,-4.16664724489873,-14.4094479851747,11.5807967244857,-4.07385571204177,-9.15336803834587,6.21088301172371,-8.77857203246194,-0.0613674966661798,-9.57466229922106,0.0492885399107771,-7.41848727872681,-14.1027718764864,-5.01642333521081,1.39031436050276,1.54497046707519,1.7298040916597,-1.20809608165502,-0.726839224163999,0.112539673508366,1.11919347248491,-0.233188990129274,1.68406299250578,0.503739738280361
112.33,0.9997939935191222,100,High,1,1,"Flagged due to Very high fraud risk score, Strong anomaly in V14, Strong anomaly in V10, Strong anomaly in V12, Strong anomaly in V4, Strong anomaly in V17, Strong anomaly in parameter V17.2",-2.74048250153169,3.65809481979987,-4.11063552027473,5.34024166876747,-2.66677476000958,-0.0927818149405728,-4.38869880914515,-0.280132705503576,-2.82189458229917,-4.46628416302479,3.96979981229186,-7.34671678644283,-1.16331176961366,-8.22556891234807,0.82500183194645,-6.77286703365235,-8.81578542555918,-4.56885928410549,1.12659865645629,0.185325269832133,2.41749541196206,-0.0977119508973041,0.382154506973307,-0.154756519767143,-0.40395592644091,0.277894930235294,0.830061638644528,0.218690442242457
0.0,0.9997650212667581,100,High,1,1,"Flagged due to Very high fraud risk score, Very small transaction amount, Strong anomaly in V14, Strong anomaly in V10, Strong anomaly in V12, Strong anomaly in V4, Strong anomaly in V17, Strong anomaly in parameter V17.2",-10.6457996485752,5.9183066586857,-11.6710425949575,8.80736917876038,-7.97550136587277,-3.58680634405361,-13.6167970541448,6.42816934590602,-7.36845129274034,-12.8881582878915,6.85495311388866,-13.2116950297251,1.03561234332246,-13.7789556397675,1.04044835530024,-11.2903278082585,-20.5780220491922,-7.54782411219534,3.11847976563045,-0.0461701790327979,2.57196959291347,0.206809359357246,-1.66780140024191,0.558418754024331,-0.0278978765982558,0.354253781525514,0.273328726801416,-0.152908080809092
195.66,0.9596419808799181,96,High,1,1,"Flagged due to Very high fraud risk score, Strong anomaly in V14, Strong anomaly in V10, Strong anomaly in V12, Strong anomaly in V17, Strong anomaly in parameter V17.2",-6.35233691096656,-2.37033515007664,-4.87539667887196,2.33504453116197,-0.809554897212021,-0.413647316208307,-4.08230817063438,2.23908947335972,-1.98635950470675,-5.16533081830893,2.94293916487767,-4.12572224190365,-0.433094395260294,-3.5181311704857,0.420777387095712,-5.10447983930312,-7.9253889983055,-3.41570671508705,0.71833237368083,0.186898304507656,1.32521840044042,1.22674487561089,-1.4852168616857,-1.47073226048821,-0.240053392971609,0.112972036960476,0.910590643802817,-0.650943712766886
316.06,0.9998034093908867,100,High,1,1,"Flagged due to Very high fraud risk score, High transaction amount, Strong anomaly in V14, Strong anomaly in V10, Strong anomaly in V12, Strong anomaly in V4, Strong anomaly in V17, Strong anomaly in parameter V17.2",-5.83919161928092,7.1515323543223,-12.8167600806187,7.03111476501099,-9.6512721679897,-2.93842725771624,-11.5432071690832,4.84362653179436,-3.49427572506535,-13.3207888671784,8.46024444901677,-17.003289445516,0.101556614891384,-14.094451660329,0.747030766392512,-12.6616957230679,-18.9124938172188,-6.62697484523061,4.00892074227194,0.0556838813863639,2.46205591127559,1.05486518382957,0.530480596078193,0.472669814042592,-0.275997967880675,0.282435024801752,0.104886020210564,0.254417096767513
89.99,0.7579011870874508,76,High,1,0,"Flagged due to Elevated fraud risk score, Strong anomaly in V14, Strong anomaly in V10, Strong anomaly in V12, Strong anomaly in V4, Strong anomaly in V17, Strong anomaly in parameter V17.2",-14.575409584507,9.80233673560334,-18.0431088542575,6.13694164439143,-11.6231049869428,-3.97836160689778,-13.3501863202929,9.82946267949742,-2.89353647254652,-9.80424605969943,7.63046846417086,-11.9783495323007,1.27070061475796,-9.13779143578945,-0.657643754935851,-7.94318381692219,-13.9960451959342,-4.81414131476633,1.35068341177363,1.49714272435333,1.57477828966194,-1.17317634004584,-0.522423210542442,0.0319637761370205,0.886970521281144,-0.276769276161469,1.7231076738223,0.547534705918993
1.0,0.9996984644914795,100,High,1,1,"Flagged due to Very high fraud risk score, Strong anomaly in V14, Strong anomaly in V10, Strong anomaly in V12, Strong anomaly in V4, Strong anomaly in V17, Strong anomaly in parameter V17.2",-14.1791651073631,7.42136996239257,-21.405835744128,11.927511869244,-7.97428068736155,-2.20271027666529,-15.4716122801735,-0.356594909586509,-6.38012489838839,-13.3482776536659,10.1875873241664,-14.5639797552132,0.59375935763569,-14.4915983463022,-0.281392503951236,-8.2641288443605,-12.4398049728466,-4.83707902601307,0.753149847889189,1.00276434172175,-2.36683606243662,1.13095519799655,0.991153238179024,-1.03313210707298,-0.327179344936207,0.634692903522304,2.17190494464567,-1.39528768393339
3.79,0.9391583599650967,94,High,1,1,"Flagged due to Very high fraud risk score, Strong anomaly in V14, Strong anomaly in V4, Strong anomaly in V17, Strong anomaly in parameter V17.2",0.315641749332386,1.63677796226183,-1.51964988293973,4.02857099852445,-1.18679426720391,-0.789813099852487,-2.27980740468004,0.472987926704315,-1.65763500271185,-2.89499040084744,1.60198538284757,-2.82494562476694,1.26920363552044,-5.59136368933409,-0.974827287131074,-2.73779549628906,-4.9615343155062,-2.22479740778771,-0.136117269757132,0.388884849068478,0.345920750226663,-0.1080015945344,-0.165441941824109,0.279894580016653,0.808783092569154,0.117362632970147,0.58959490284462,0.30906407378289
252.92,0.9997814800738819,100,High,1,1,"Flagged due to Very high fraud risk score, High transaction amount, Strong anomaly in V14, Strong anomaly in V10, Strong anomaly in V12, Strong anomaly in V4, Strong anomaly in V17, Strong anomaly in parameter V17.2",-6.71340697159693,3.92110415204576,-9.74667821737542,5.14826254938013,-5.15156271985187,-2.09938865681113,-5.93776683170198,3.57877960420447,-4.6849517505833,-8.53775768653457,6.34897930341209,-8.68160893168352,0.251179384774619,-11.6080022570993,-0.351568782034355,-5.36356643348466,-11.9390915052116,-3.58360287020043,0.897402406121681,0.135711322729059,0.954272201927517,-0.45108644858101,0.127214424071711,-0.339449869297565,0.394095513633807,1.07529509891805,1.6499059092424,-0.394905372194808
1.0,0.9377320264684887,94,High,1,1,"Flagged due to Very high fraud risk score, Strong anomaly in V14, Strong anomaly in V10, Strong anomaly in V12, Strong anomaly in V4, Strong anomaly in parameter V17.2",0.378274504006009,3.91479678866992,-5.72687201536627,6.09414095882864,1.69887526405022,-2.8073139468834,-0.591118212837213,-0.123495593086659,-2.53071281390832,-5.15309460989926,4.65408842254301,-7.83953899762349,1.37181858033581,-9.63468971263612,-0.739596855842826,-0.663203945673478,0.891934540534899,0.978675639075006,-2.00547660274646,0.440439440893876,0.149895683076911,-0.601967245529085,-0.613724335539499,-0.403113687819411,1.568445255978,0.52188393400233,0.527937749881352,0.411910405834512
1.1,0.9291079151720362,93,High,1,1,"Flagged due to Very high fraud risk score, Strong anomaly in V14, Strong anomaly in V10, Strong anomaly in V12, Strong anomaly in V17, Strong anomaly in parameter V17.2",-4.28058383167792,1.42110000741665,-3.90822884348162,2.94294608011161,-0.0762053360306411,-2.00252600045019,-2.87415473251562,-0.856005441485914,0.963674230223562,-3.23543895742654,3.34180192747217,-7.56286042898412,-1.8474434271558,-11.5714234295766,-1.4815558418284,-6.18091869945618,-9.28518598266033,-3.92172214129965,0.685510860299876,-0.198962780003302,-0.140061995134615,-0.90772022005271,-0.680107948583095,-0.349169892929711,0.0562758915123628,-1.14992266869478,-1.80988612030864,0.723051433275673
99.99,0.9996901179885347,100,High,1,1,"Flagged due to Very high fraud risk score, Strong anomaly in V14, Strong anomaly in V10, Strong anomaly in V12, Strong anomaly in V4, Strong anomaly in V17, Strong anomaly in parameter V17.2",-22.5616992591298,13.2089042844176,-24.6438187771226,6.23253182330679,-16.905611362323,-4.49743871970001,-16.8101841919321,14.9551067734604,-3.87129682308601,-8.58126551626339,5.25698760960799,-7.39361499215009,0.538800829120431,-7.57755201800709,-0.030725531904052,-6.45478323655342,-12.8456565242928,-4.86591773720169,1.06244185030067,1.62144422472126,1.76598663639159,-1.6355166467436,-0.998316503452087,0.138972227361725,1.55935014018173,-0.22212451669,1.5044246600224,0.445919826109776
0.0,0.9996674237701642,100,High,1,1,"Flagged due to Very high fraud risk score, Very small transaction amount, Strong anomaly in V14, Strong anomaly in V10, Strong anomaly in V12, Strong anomaly in V4, Strong anomaly in V17, Strong anomaly in parameter V17.2",-4.99175779387947,5.2133398229232,-9.11132629809104,8.43198635177602,-3.4355156720863,-1.8275651016855,-7.11430284412379,3.43120663145462,-3.87564287029742,-6.86850850672582,7.15062516950116,-10.2629840447185,2.73308493575221,-10.1275247811671,-0.262783621001749,-5.19027103814098,-8.6557110398096,-2.02444347438745,1.5604792800844,0.0981321924634143,1.18942283937597,0.247858476295777,0.294448330047117,-0.548503502162266,-0.174616566570794,0.406702503092405,-0.40233927269736,-0.882885795448957
5.91,0.919388802804416,92,High,1,1,"Flagged due to Very high fraud risk score, Strong anomaly in V14, Strong anomaly in V10, Strong anomaly in V12, Strong anomaly in V4, Strong anomaly in V17, Strong anomaly in parameter V17.2",-3.21538175967748,-0.364223121381638,-1.26188334354906,3.79494903930385,0.71120593031272,-1.31647560298004,-5.16514055601052,0.625278383544947,-1.582300584728,-3.25263359468289,5.04075120270381,-5.31444220386187,-0.656470662006063,-6.23304367078495,0.974771279276835,-6.8903177453801,-9.51641148491956,-4.36412771489086,2.59857755637223,0.0196261688931224,0.40134124079647,0.152191258747201,-0.93467547449829,-0.256148382367333,-0.469403308828214,-0.282495914081921,0.86607691066145,-0.433465943783225
1.0,0.9894614472518767,99,High,1,1,"Flagged due to Very high fraud risk score, Strong anomaly in V14, Strong anomaly in V10, Strong anomaly in V12, Strong anomaly in V4, Strong anomaly in V17, Strong anomaly in parameter V17.2",-3.89119195123086,7.09891625215749,-11.4264670967961,8.60755678650129,-2.06570621026229,-2.98528802203595,-8.13858941693861,2.97392807853452,-6.27279046836547,-13.1934150665232,11.6197234753825,-17.6316063138707,-0.355194389515515,-18.8220867423816,-1.2831290856146,-10.0310966568698,-15.2270075099256,-5.32200898058982,-0.501750653452579,1.38261899967275,1.75708522742867,-0.18970915318715,-0.508629244173448,-1.18930816877394,1.18853649934791,0.605241885913626,1.8815287524148,0.875260407222375
89.99,0.9083788201918778,91,High,1,0,"Flagged due to Very high fraud risk score, Strong anomaly in V14, Strong anomaly in V10, Strong anomaly in V12, Strong anomaly in V4, Strong anomaly in V17, Strong anomaly in parameter V17.2",-4.17167409700773,4.30844987710803,-8.23931473789338,4.16899712291352,-3.85555178034389,-3.02305062433235,-5.52117091085174,3.04683514933838,-2.6127598973363,-6.74604741416378,3.78934607143391,-7.68364279513021,-1.18955114572977,-9.25752067304945,1.03638000621667,-5.13919711874594,-8.43096726944362,-2.69604844926284,0.9013967736554,0.818595615438491,0.902860571367263,-0.448209026783432,-0.0617210426827117,-0.0525628444096432,0.0044867581738014,-0.293409430031766,1.28146640206865,0.307833804234966
0.0,0.999776534553372,100,High,1,1,"Flagged due to Very high fraud risk score, Very small transaction amount, Strong anomaly in V14, Strong anomaly in V10, Strong anomaly in V12, Strong anomaly in V4, Strong anomaly in V17, Strong anomaly in parameter V17.2",-7.03030814445441,3.42199090467553,-9.52507177254752,5.27089100906596,-4.02463027558805,-2.86568161775739,-6.98919473439446,3.79155093755913,-4.62273033596451,-8.40966487562735,6.30904400603177,-8.57676143258937,0.246746716929862,-11.5340460181508,-0.3642651387587,-5.45249465771382,-11.8875700201872,-3.56358481007011,0.876018768156628,0.545698040621445,1.10339774484256,-0.541854751589521,0.0369432219896495,-0.355519004066217,0.353634382097,1.04245799282131,1.35951563156376,-0.272188101257294
40.0,0.710894086249958,71,High,1,1,"Flagged due to Elevated fraud risk score, Strong anomaly in V14, Strong anomaly in V10, Strong anomaly in V12, Strong anomaly in V17, Strong anomaly in parameter V17.2",-0.769171691743673,1.3422122564916,-2.1714541366788,-0.151513299728476,-0.648374467317641,-0.973504253142134,-1.70665765414268,0.313744516691369,-1.98230184657376,-3.15812700566592,1.3415717221686,-3.29947236985172,1.24764737362737,-6.39337284276668,-0.0532048016171774,-3.25804634128955,-3.34889609796046,0.217330714330335,-0.917407954929339,-0.102294252090737,-0.0361222946216654,-0.753591202726119,-0.0471133973013113,0.358492767536875,-0.287406815695466,0.476505957022081,0.250530561357973,0.250987222920341
